<?xml version="1.0" encoding="UTF-8"?>
<rss version="2.0">
  <channel>
    <title>VPN Polska — Blog</title>
    <link>https://dloran1.github.io/</link>
    <description>Nowe artykuły o VPN, bezpieczeństwie i streamingu.</description>
    <language>pl-PL</language>
    <lastBuildDate>Mon, 08 Sep 2025 21:00:00 +0000</lastBuildDate>

    <item><title>Co to jest VPN?</title><link>https://dloran1.github.io/blog/co-to-jest-vpn.html</link><guid>https://dloran1.github.io/blog/co-to-jest-vpn.html</guid><pubDate>Mon, 08 Sep 2025 21:00:00 +0000</pubDate></item>
    <item><title>Darmowe vs Płatne VPN</title><link>https://dloran1.github.io/blog/darmowe-vs-platne-vpn.html</link><guid>https://dloran1.github.io/blog/darmowe-vs-platne-vpn.html</guid><pubDate>Mon, 08 Sep 2025 21:00:00 +0000</pubDate></item>
    <item><title>Darmowy VPN w Polsce — czy warto?</title><link>https://dloran1.github.io/blog/darmowy-vpn-polska.html</link><guid>https://dloran1.github.io/blog/darmowy-vpn-polska.html</guid><pubDate>Mon, 08 Sep 2025 21:00:00 +0000</pubDate></item>
    <item><title>Dlaczego VPN w 2025 roku — 10 powodów</title><link>https://dloran1.github.io/blog/dlaczego-vpn-2025.html</link><guid>https://dloran1.github.io/blog/dlaczego-vpn-2025.html</guid><pubDate>Mon, 08 Sep 2025 21:00:00 +0000</pubDate></item>
    <item><title>Jaki serwer VPN wybrać — PL czy zagranica?</title><link>https://dloran1.github.io/blog/jaki-serwer-vpn-wybrac.html</link><guid>https://dloran1.github.io/blog/jaki-serwer-vpn-wybrac.html</guid><pubDate>Mon, 08 Sep 2025 21:00:00 +0000</pubDate></item>
    <item><title>Jaki serwer VPN</title><link>https://dloran1.github.io/blog/jaki-serwer-vpn.html</link><guid>https://dloran1.github.io/blog/jaki-serwer-vpn.html</guid><pubDate>Mon, 08 Sep 2025 21:00:00 +0000</pubDate></item>
    <item><title>Mity o VPN — co jest prawdą, a co nie?</title><link>https://dloran1.github.io/blog/mity-o-vpn.html</link><guid>https://dloran1.github.io/blog/mity-o-vpn.html</guid><pubDate>Mon, 08 Sep 2025 21:00:00 +0000</pubDate></item>
    <item><title>VPN no-logs — co to znaczy i jak to sprawdzić</title><link>https://dloran1.github.io/blog/no-logs.html</link><guid>https://dloran1.github.io/blog/no-logs.html</guid><pubDate>Mon, 08 Sep 2025 21:00:00 +0000</pubDate></item>
    <item><title>NordVPN vs Surfshark (PL)</title><link>https://dloran1.github.io/blog/nordvpn-vs-surfshark-pl.html</link><guid>https://dloran1.github.io/blog/nordvpn-vs-surfshark-pl.html</guid><pubDate>Mon, 08 Sep 2025 21:00:00 +0000</pubDate></item>
    <item><title>Player i TVP VOD z VPN</title><link>https://dloran1.github.io/blog/player-tvp-vpn.html</link><guid>https://dloran1.github.io/blog/player-tvp-vpn.html</guid><pubDate>Mon, 08 Sep 2025 21:00:00 +0000</pubDate></item>
    <item><title>Test VPN — prędkość i ping</title><link>https://dloran1.github.io/blog/test-vpn.html</link><guid>https://dloran1.github.io/blog/test-vpn.html</guid><pubDate>Mon, 08 Sep 2025 21:00:00 +0000</pubDate></item>
    <item><title>TVP VOD z VPN — przewodnik</title><link>https://dloran1.github.io/blog/tvp-vod-vpn.html</link><guid>https://dloran1.github.io/blog/tvp-vod-vpn.html</guid><pubDate>Mon, 08 Sep 2025 21:00:00 +0000</pubDate></item>
    <item><title>VPN i 2FA/MFA</title><link>https://dloran1.github.io/blog/vpn-2fa-mfa.html</link><guid>https://dloran1.github.io/blog/vpn-2fa-mfa.html</guid><pubDate>Mon, 08 Sep 2025 21:00:00 +0000</pubDate></item>
    <item><title>VPN a prawo w Polsce — czy legalne?</title><link>https://dloran1.github.io/blog/vpn-a-prawo-w-polsce.html</link><guid>https://dloran1.github.io/blog/vpn-a-prawo-w-polsce.html</guid><pubDate>Mon, 08 Sep 2025 21:00:00 +0000</pubDate></item>
    <item><title>VPN na Androidzie — konfiguracja</title><link>https://dloran1.github.io/blog/vpn-android-konfiguracja.html</link><guid>https://dloran1.github.io/blog/vpn-android-konfiguracja.html</guid><pubDate>Mon, 08 Sep 2025 21:00:00 +0000</pubDate></item>
    <item><title>VPN a bankowość online — dobre praktyki</title><link>https://dloran1.github.io/blog/vpn-bankowosc-online.html</link><guid>https://dloran1.github.io/blog/vpn-bankowosc-online.html</guid><pubDate>Mon, 08 Sep 2025 21:00:00 +0000</pubDate></item>
    <item><title>VPN z dedykowanym IP — kiedy warto?</title><link>https://dloran1.github.io/blog/vpn-dedykowany-ip.html</link><guid>https://dloran1.github.io/blog/vpn-dedykowany-ip.html</guid><pubDate>Mon, 08 Sep 2025 21:00:00 +0000</pubDate></item>
    <item><title>VPN dla Apple TV — jak to ustawić</title><link>https://dloran1.github.io/blog/vpn-dla-apple-tv.html</link><guid>https://dloran1.github.io/blog/vpn-dla-apple-tv.html</guid><pubDate>Mon, 08 Sep 2025 21:00:00 +0000</pubDate></item>
    <item><title>VPN dla firm (MSP) — wdrożenie i wymagania</title><link>https://dloran1.github.io/blog/vpn-dla-firm-msp.html</link><guid>https://dloran1.github.io/blog/vpn-dla-firm-msp.html</guid><pubDate>Mon, 08 Sep 2025 21:00:00 +0000</pubDate></item>
    <item><title>VPN dla graczy</title><link>https://dloran1.github.io/blog/vpn-dla-graczy.html</link><guid>https://dloran1.github.io/blog/vpn-dla-graczy.html</guid><pubDate>Mon, 08 Sep 2025 21:00:00 +0000</pubDate></item>
    <item><title>VPN dla konsol PS5 i Xbox — konfiguracja</title><link>https://dloran1.github.io/blog/vpn-dla-konsol-ps5-xbox.html</link><guid>https://dloran1.github.io/blog/vpn-dla-konsol-ps5-xbox.html</guid><pubDate>Mon, 08 Sep 2025 21:00:00 +0000</pubDate></item>
    <item><title>VPN dla Smart TV — proste sposoby</title><link>https://dloran1.github.io/blog/vpn-dla-smart-tv.html</link><guid>https://dloran1.github.io/blog/vpn-dla-smart-tv.html</guid><pubDate>Mon, 08 Sep 2025 21:00:00 +0000</pubDate></item>
    <item><title>Wycieki DNS i VPN — jak wykryć i naprawić</title><link>https://dloran1.github.io/blog/vpn-dns-leak.html</link><guid>https://dloran1.github.io/blog/vpn-dns-leak.html</guid><pubDate>Mon, 08 Sep 2025 21:00:00 +0000</pubDate></item>
    <item><title>Double VPN — kiedy i jak używać</title><link>https://dloran1.github.io/blog/vpn-double-vpn.html</link><guid>https://dloran1.github.io/blog/vpn-double-vpn.html</guid><pubDate>Mon, 08 Sep 2025 21:00:00 +0000</pubDate></item>
    <item><title>Geoblokady i VPN</title><link>https://dloran1.github.io/blog/vpn-geoblokady.html</link><guid>https://dloran1.github.io/blog/vpn-geoblokady.html</guid><pubDate>Mon, 08 Sep 2025 21:00:00 +0000</pubDate></item>
    <item><title>Geolokalizacja a VPN</title><link>https://dloran1.github.io/blog/vpn-geolokalizacja.html</link><guid>https://dloran1.github.io/blog/vpn-geolokalizacja.html</guid><pubDate>Mon, 08 Sep 2025 21:00:00 +0000</pubDate></item>
    <item><title>VPN na iPhone — konfiguracja i profile</title><link>https://dloran1.github.io/blog/vpn-iphone-konfiguracja.html</link><guid>https://dloran1.github.io/blog/vpn-iphone-konfiguracja.html</guid><pubDate>Mon, 08 Sep 2025 21:00:00 +0000</pubDate></item>
    <item><title>Kill Switch — kiedy i jak działa</title><link>https://dloran1.github.io/blog/vpn-kill-switch.html</link><guid>https://dloran1.github.io/blog/vpn-kill-switch.html</guid><pubDate>Mon, 08 Sep 2025 21:00:00 +0000</pubDate></item>
    <item><title>VPN na Linux — konfiguracja</title><link>https://dloran1.github.io/blog/vpn-linux-konfiguracja.html</link><guid>https://dloran1.github.io/blog/vpn-linux-konfiguracja.html</guid><pubDate>Mon, 08 Sep 2025 21:00:00 +0000</pubDate></item>
    <item><title>VPN na Mac</title><link>https://dloran1.github.io/blog/vpn-na-mac.html</link><guid>https://dloran1.github.io/blog/vpn-na-mac.html</guid><pubDate>Mon, 08 Sep 2025 21:00:00 +0000</pubDate></item>
    <item><title>VPN i Netflix Polska</title><link>https://dloran1.github.io/blog/vpn-netflix-polska.html</link><guid>https://dloran1.github.io/blog/vpn-netflix-polska.html</guid><pubDate>Mon, 08 Sep 2025 21:00:00 +0000</pubDate></item>
    <item><title>Optymalne ustawienia VPN — praktyczne porady</title><link>https://dloran1.github.io/blog/vpn-optymalne-ustawienia.html</link><guid>https://dloran1.github.io/blog/vpn-optymalne-ustawienia.html</guid><pubDate>Mon, 08 Sep 2025 21:00:00 +0000</pubDate></item>
    <item><title>P2P/Torrenty z VPN — jak robić to bezpiecznie</title><link>https://dloran1.github.io/blog/vpn-p2p-bezpiecznie.html</link><guid>https://dloran1.github.io/blog/vpn-p2p-bezpiecznie.html</guid><pubDate>Mon, 08 Sep 2025 21:00:00 +0000</pubDate></item>
    <item><title>Port forwarding z VPN — kiedy i jak używać</title><link>https://dloran1.github.io/blog/vpn-port-forwarding.html</link><guid>https://dloran1.github.io/blog/vpn-port-forwarding.html</guid><pubDate>Mon, 08 Sep 2025 21:00:00 +0000</pubDate></item>
    <item><title>VPN a praca zdalna — bezpieczne środowisko</title><link>https://dloran1.github.io/blog/vpn-praca-zdalna.html</link><guid>https://dloran1.github.io/blog/vpn-praca-zdalna.html</guid><pubDate>Mon, 08 Sep 2025 21:00:00 +0000</pubDate></item>
    <item><title>Proxy vs VPN — różnice i zastosowania</title><link>https://dloran1.github.io/blog/vpn-proxy-vs-vpn.html</link><guid>https://dloran1.github.io/blog/vpn-proxy-vs-vpn.html</guid><pubDate>Mon, 08 Sep 2025 21:00:00 +0000</pubDate></item>
    <item><title>VPN w publicznym Wi-Fi — ochrona w praktyce</title><link>https://dloran1.github.io/blog/vpn-publiczne-wifi.html</link><guid>https://dloran1.github.io/blog/vpn-publiczne-wifi.html</guid><pubDate>Mon, 08 Sep 2025 21:00:00 +0000</pubDate></item>
    <item><title>Split tunneling w VPN — jak dzielić ruch</title><link>https://dloran1.github.io/blog/vpn-split-tunneling.html</link><guid>https://dloran1.github.io/blog/vpn-split-tunneling.html</guid><pubDate>Mon, 08 Sep 2025 21:00:00 +0000</pubDate></item>
    <item><title>Prędkość VPN — jak testować i poprawiać</title><link>https://dloran1.github.io/blog/vpn-szybkosc-test.html</link><guid>https://dloran1.github.io/blog/vpn-szybkosc-test.html</guid><pubDate>Mon, 08 Sep 2025 21:00:00 +0000</pubDate></item>
    <item><title>Torrenty w Polsce a VPN</title><link>https://dloran1.github.io/blog/vpn-torrent-polska.html</link><guid>https://dloran1.github.io/blog/vpn-torrent-polska.html</guid><pubDate>Mon, 08 Sep 2025 21:00:00 +0000</pubDate></item>
    <item><title>Torrenty i VPN — konfiguracja krok po kroku</title><link>https://dloran1.github.io/blog/vpn-torrent.html</link><guid>https://dloran1.github.io/blog/vpn-torrent.html</guid><pubDate>Mon, 08 Sep 2025 21:00:00 +0000</pubDate></item>
    <item><title>VPN na Windows — konfiguracja</title><link>https://dloran1.github.io/blog/vpn-windows-konfiguracja.html</link><guid>https://dloran1.github.io/blog/vpn-windows-konfiguracja.html</guid><pubDate>Mon, 08 Sep 2025 21:00:00 +0000</pubDate></item>
    <item><title>Wady VPN — o czym trzeba pamiętać</title><link>https://dloran1.github.io/blog/wady-vpn.html</link><guid>https://dloran1.github.io/blog/wady-vpn.html</guid><pubDate>Mon, 08 Sep 2025 21:00:00 +0000</pubDate></item>
    <item><title>Bezpieczeństwo Wi-Fi — jak się chronić</title><link>https://dloran1.github.io/blog/wifi-bezpieczenstwo.html</link><guid>https://dloran1.github.io/blog/wifi-bezpieczenstwo.html</guid><pubDate>Mon, 08 Sep 2025 21:00:00 +0000</pubDate></item>
    <item><title>Checklisty Wi-Fi</title><link>https://dloran1.github.io/blog/wifi-checklista.html</link><guid>https://dloran1.github.io/blog/wifi-checklista.html</guid><pubDate>Mon, 08 Sep 2025 21:00:00 +0000</pubDate></item>
    <item><title>WireGuard vs OpenVPN</title><link>https://dloran1.github.io/blog/wireguard-vs-openvpn.html</link><guid>https://dloran1.github.io/blog/wireguard-vs-openvpn.html</guid><pubDate>Mon, 08 Sep 2025 21:00:00 +0000</pubDate></item>
    <item><title>Zalety VPN — korzyści w codziennym użyciu</title><link>https://dloran1.github.io/blog/zalety-vpn.html</link><guid>https://dloran1.github.io/blog/zalety-vpn.html</guid><pubDate>Mon, 08 Sep 2025 21:00:00 +0000</pubDate></item>
  </channel>
</rss>